{
    "s_wave": 0,
    "s_spawnTriggers": [
        true,
        true,
        true,
        true
    ],
    "s_pos": {
        "x": -23.360612869262697,
        "y": -0.06719899922609329,
        "z": -30.229990005493165
    }
}