{
    "s_wave": 0,
    "s_spawnTriggers": [
        true,
        true,
        true,
        true
    ],
    "s_pos": {
        "x": -22.808834075927736,
        "y": -0.06719904392957688,
        "z": -29.259876251220704
    }
}