{
    "s_wave": 4,
    "s_spawnTriggers": [
        false,
        false,
        false,
        true
    ],
    "s_pos": {
        "x": 31.081111907958986,
        "y": 3.654614210128784,
        "z": 135.0017547607422
    }
}