{
    "s_wave": 2,
    "s_spawnTriggers": [
        true,
        true,
        true,
        true
    ],
    "s_pos": {
        "x": 62.92076873779297,
        "y": 2.1166181564331056,
        "z": 9.403501510620118
    }
}