{
    "s_wave": 4,
    "s_spawnTriggers": [
        false,
        false,
        false,
        false
    ],
    "s_pos": {
        "x": 31.153339385986329,
        "y": 3.6546144485473635,
        "z": 134.3928680419922
    }
}