{
    "s_wave": 4,
    "s_spawnTriggers": [
        false,
        false,
        false,
        false
    ],
    "s_pos": {
        "x": 31.40399169921875,
        "y": 3.6546201705932619,
        "z": 133.95989990234376
    }
}