{
    "s_wave": 4,
    "s_spawnTriggers": [
        true,
        true,
        true,
        true
    ],
    "s_pos": {
        "x": 30.685718536376954,
        "y": 3.654614210128784,
        "z": 134.7075958251953
    }
}