{
  "s_wave": 0,
  "s_spawnTriggers": [
    true,
    true,
    true,
    true
  ],
  "s_pos": {
    "x": -27.697731018066408,
    "y": -0.06719815731048584,
    "z": -22.344440460205079
  }
}