{
    "s_wave": 0,
    "s_spawnTriggers": [
        true,
        true,
        true,
        true
    ],
    "s_pos": {
        "x": -23.0,
        "y": -0.06719891726970673,
        "z": -30.87953758239746
    }
}